{
    "accuracy_test": 81.25,
    "loss_test": 0.6061278581619263,
    "last_trained_timestamp": "2025-06-02T00:25:30.211180"
}