{
    "accuracy_test": 92.98245906829834,
    "loss_test": 0.2152383029460907,
    "last_trained_timestamp": "2025-06-04T16:32:14.847073"
}