{
    "accuracy_test": 86.36363744735718,
    "loss_test": 0.3180070221424103,
    "last_trained_timestamp": "2025-06-10T16:17:18.290281"
}