{
    "accuracy_test": 90.90909361839294,
    "loss_test": 0.20297199487686157,
    "last_trained_timestamp": "2025-06-05T04:29:51.235376"
}