{
    "accuracy_test": 86.36363744735718,
    "loss_test": 0.23181790113449097,
    "last_trained_timestamp": "2025-06-06T00:23:39.894124"
}